Year,StateAbbr,StateDesc,CityName,GeographicLevel,Category,UniqueID,Measure,Data_Value,GeoLocation,MeasureId,TractFIPS,Lat,Lng
2017,TX,Texas,Austin,Census Tract,Health Outcomes,4805000-48453000604,High blood pressure among adults aged >=18 Years,11.8,"(30.2855339039, -97.7477273854)",BPHIGH,48453000604,30.2855339039, -97.7477273854
2017,TX,Texas,Austin,Census Tract,Health Outcomes,4805000-48453002113,High blood pressure among adults aged >=18 Years,31.0,"(30.3170432569, -97.6725319322)",BPHIGH,48453002113,30.3170432569, -97.6725319322
2017,TX,Texas,Austin,Census Tract,Health Outcomes,4805000-48453001718,High blood pressure among adults aged >=18 Years,22.9,"(30.3483038697, -97.7610247766)",BPHIGH,48453001718,30.3483038697, -97.7610247766
2017,TX,Texas,Austin,Census Tract,Health Outcomes,4805000-48453001908,High blood pressure among adults aged >=18 Years,18.1,"(30.2673616151, -97.8917527564)",BPHIGH,48453001908,30.2673616151, -97.8917527564
2017,TX,Texas,Austin,Census Tract,Health Outcomes,4805000-48453002212,High blood pressure among adults aged >=18 Years,25.5,"(30.3101329564, -97.5916015422)",BPHIGH,48453002212,30.3101329564, -97.5916015422
2017,TX,Texas,Austin,Census Tract,Health Outcomes,4805000-48453000306,High blood pressure among adults aged >=18 Years,18.0,"(30.2971560125, -97.7002733875)",BPHIGH,48453000306,30.2971560125, -97.7002733875
2017,TX,Texas,Austin,Census Tract,Health Outcomes,4805000-48453002106,High blood pressure among adults aged >=18 Years,29.0,"(30.3067312672, -97.690303652)",BPHIGH,48453002106,30.3067312672, -97.690303652
2017,TX,Texas,Austin,Census Tract,Health Outcomes,4805000-48453001777,High blood pressure among adults aged >=18 Years,20.2,"(30.2047085014, -97.849773064)",BPHIGH,48453001777,30.2047085014, -97.849773064
2017,TX,Texas,Austin,Census Tract,Health Outcomes,4805000-48453001834,High blood pressure among adults aged >=18 Years,19.8,"(30.3530097713, -97.6626570933)",BPHIGH,48453001834,30.3530097713, -97.6626570933
2017,TX,Texas,Austin,Census Tract,Health Outcomes,4805000-48453002407,High blood pressure among adults aged >=18 Years,21.3,"(30.1453252695, -97.8023837128)",BPHIGH,48453002407,30.1453252695, -97.8023837128
2017,TX,Texas,Austin,Census Tract,Health Outcomes,4805000-48453001845,High blood pressure among adults aged >=18 Years,23.1,"(30.3924931419, -97.6904359465)",BPHIGH,48453001845,30.3924931419, -97.6904359465
2017,TX,Texas,Austin,Census Tract,Health Outcomes,4805000-48453001914,High blood pressure among adults aged >=18 Years,22.9,"(30.2536853912, -97.8331354066)",BPHIGH,48453001914,30.2536853912, -97.8331354066
2017,TX,Texas,Austin,Census Tract,Health Outcomes,4805000-48209010901,High blood pressure among adults aged >=18 Years,,"(30.1541323147, -97.9083324997)",BPHIGH,48209010901,30.1541323147, -97.9083324997
2017,TX,Texas,Austin,Census Tract,Health Outcomes,4805000-48453001308,High blood pressure among adults aged >=18 Years,21.1,"(30.2325448034, -97.7618787936)",BPHIGH,48453001308,30.2325448034, -97.7618787936
2017,TX,Texas,Austin,Census Tract,Health Outcomes,4805000-48453001748,High blood pressure among adults aged >=18 Years,19.6,"(30.1706708363, -97.8390678065)",BPHIGH,48453001748,30.1706708363, -97.8390678065
2017,TX,Texas,Austin,Census Tract,Health Outcomes,4805000-48453001851,High blood pressure among adults aged >=18 Years,,"(30.4600829163, -97.6701585646)",BPHIGH,48453001851,30.4600829163, -97.6701585646
2017,TX,Texas,Austin,Census Tract,Health Outcomes,4805000-48453002316,High blood pressure among adults aged >=18 Years,20.2,"(30.2354321878, -97.7280426107)",BPHIGH,48453002316,30.2354321878, -97.7280426107
2017,TX,Texas,Austin,Census Tract,Health Outcomes,4805000-48453002004,High blood pressure among adults aged >=18 Years,17.3,"(30.2361336363, -97.7881708211)",BPHIGH,48453002004,30.2361336363, -97.7881708211
2017,TX,Texas,Austin,Census Tract,Health Outcomes,4805000-48453001755,High blood pressure among adults aged >=18 Years,24.0,"(30.4091796804, -97.7784833883)",BPHIGH,48453001755,30.4091796804, -97.7784833883
2017,TX,Texas,Austin,Census Tract,Health Outcomes,4805000-48453001828,High blood pressure among adults aged >=18 Years,22.5,"(30.4215882992, -97.7237244649)",BPHIGH,48453001828,30.4215882992, -97.7237244649
2017,TX,Texas,Austin,Census Tract,Health Outcomes,4805000-48453001713,High blood pressure among adults aged >=18 Years,25.0,"(30.2107942383, -97.8052968794)",BPHIGH,48453001713,30.2107942383, -97.8052968794
2017,TX,Texas,Austin,Census Tract,Health Outcomes,4805000-48453001604,High blood pressure among adults aged >=18 Years,26.6,"(30.3028790531, -97.7732678485)",BPHIGH,48453001604,30.3028790531, -97.7732678485
2017,TX,Texas,Austin,Census Tract,Health Outcomes,4805000-48453000302,High blood pressure among adults aged >=18 Years,15.7,"(30.3025595965, -97.7265034048)",BPHIGH,48453000302,30.3025595965, -97.7265034048
2017,TX,Texas,Austin,Census Tract,Health Outcomes,4805000-48453001505,High blood pressure among adults aged >=18 Years,21.9,"(30.3363798606, -97.7304218616)",BPHIGH,48453001505,30.3363798606, -97.7304218616
2017,TX,Texas,Austin,Census Tract,Health Outcomes,4805000-48453001774,High blood pressure among adults aged >=18 Years,19.9,"(30.1553955337, -97.8471187274)",BPHIGH,48453001774,30.1553955337, -97.8471187274
2017,TX,Texas,Austin,Census Tract,Health Outcomes,4805000-48453000802,High blood pressure among adults aged >=18 Years,33.0,"(30.273555417, -97.7079841529)",BPHIGH,48453000802,30.273555417, -97.7079841529
2017,TX,Texas,Austin,Census Tract,Health Outcomes,4805000-48453001823,High blood pressure among adults aged >=18 Years,25.3,"(30.3700997876, -97.6868971464)",BPHIGH,48453001823,30.3700997876, -97.6868971464
2017,TX,Texas,Austin,Census Tract,Health Outcomes,4805000-48453002312,High blood pressure among adults aged >=18 Years,27.0,"(30.2261210929, -97.6946650587)",BPHIGH,48453002312,30.2261210929, -97.6946650587
2017,TX,Texas,Austin,Census Tract,Health Outcomes,4805000-48453001307,High blood pressure among adults aged >=18 Years,21.7,"(30.2362246189, -97.7686582057)",BPHIGH,48453001307,30.2362246189, -97.7686582057
2017,TX,Texas,Austin,Census Tract,Health Outcomes,4805000-48453001760,High blood pressure among adults aged >=18 Years,22.1,"(30.3654663308, -97.8837872622)",BPHIGH,48453001760,30.3654663308, -97.8837872622
2017,TX,Texas,Austin,Census Tract,Health Outcomes,4805000-48453001804,High blood pressure among adults aged >=18 Years,24.1,"(30.3419421909, -97.7073262607)",BPHIGH,48453001804,30.3419421909, -97.7073262607
2017,TX,Texas,Austin,Census Tract,Health Outcomes,4805000-48453001706,High blood pressure among adults aged >=18 Years,24.7,"(30.3825164181, -97.7554891237)",BPHIGH,48453001706,30.3825164181, -97.7554891237
2017,TX,Texas,Austin,Census Tract,Health Outcomes,4805000-48453001919,High blood pressure among adults aged >=18 Years,25.4,"(30.2734714063, -97.8018505029)",BPHIGH,48453001919,30.2734714063, -97.8018505029
2017,TX,Texas,Austin,Census Tract,Health Outcomes,4805000-48453000203,High blood pressure among adults aged >=18 Years,13.4,"(30.3126275309, -97.7366585578)",BPHIGH,48453000203,30.3126275309, -97.7366585578
2017,TX,Texas,Austin,Census Tract,Health Outcomes,4805000-48453001813,High blood pressure among adults aged >=18 Years,27.3,"(30.3451653645, -97.6875073111)",BPHIGH,48453001813,30.3451653645, -97.6875073111
2017,TX,Texas,Austin,Census Tract,Health Outcomes,4805000-48453001740,High blood pressure among adults aged >=18 Years,20.4,"(30.1918324264, -97.8568183613)",BPHIGH,48453001740,30.1918324264, -97.8568183613
2017,TX,Texas,Austin,Census Tract,Health Outcomes,4805000-48453001781,High blood pressure among adults aged >=18 Years,30.0,"(30.4398224796, -97.7964239828)",BPHIGH,48453001781,30.4398224796, -97.7964239828
2017,TX,Texas,Austin,Census Tract,Health Outcomes,4805000-48453000500,High blood pressure among adults aged >=18 Years,14.1,"(30.2960631844, -97.7341732747)",BPHIGH,48453000500,30.2960631844, -97.7341732747
2017,TX,Texas,Austin,Census Tract,Health Outcomes,4805000-48453002310,High blood pressure among adults aged >=18 Years,29.0,"(30.2274869026, -97.6671445631)",BPHIGH,48453002310,30.2274869026, -97.6671445631
2017,TX,Texas,Austin,Census Tract,Health Outcomes,4805000-48453001200,High blood pressure among adults aged >=18 Years,16.6,"(30.2737247917, -97.7601218266)",BPHIGH,48453001200,30.2737247917, -97.7601218266
2017,TX,Texas,Austin,Census Tract,Health Outcomes,4805000-48453001769,High blood pressure among adults aged >=18 Years,22.9,"(30.2420746493, -97.8985089869)",BPHIGH,48453001769,30.2420746493, -97.8985089869
2017,TX,Texas,Austin,Census Tract,Health Outcomes,4805000-48453001812,High blood pressure among adults aged >=18 Years,24.3,"(30.329678639, -97.697934571)",BPHIGH,48453001812,30.329678639, -97.697934571
2017,TX,Texas,Austin,Census Tract,Health Outcomes,4805000-48453001840,High blood pressure among adults aged >=18 Years,19.9,"(30.4266403327, -97.6575234346)",BPHIGH,48453001840,30.4266403327, -97.6575234346
2017,TX,Texas,Austin,Census Tract,Health Outcomes,4805000-48453001910,High blood pressure among adults aged >=18 Years,26.3,"(30.2699849071, -97.7981662119)",BPHIGH,48453001910,30.2699849071, -97.7981662119
2017,TX,Texas,Austin,Census Tract,Health Outcomes,4805000-48453002109,High blood pressure among adults aged >=18 Years,38.3,"(30.2815093198, -97.6905730589)",BPHIGH,48453002109,30.2815093198, -97.6905730589
2017,TX,Texas,Austin,Census Tract,Health Outcomes,4805000-48453001747,High blood pressure among adults aged >=18 Years,26.1,"(30.1807705165, -97.8245896819)",BPHIGH,48453001747,30.1807705165, -97.8245896819
2017,TX,Texas,Austin,Census Tract,Health Outcomes,4805000-48453001844,High blood pressure among adults aged >=18 Years,23.5,"(30.3959573783, -97.7013524585)",BPHIGH,48453001844,30.3959573783, -97.7013524585
2017,TX,Texas,Austin,Census Tract,Health Outcomes,4805000-48453001835,High blood pressure among adults aged >=18 Years,22.7,"(30.3868001522, -97.661485146)",BPHIGH,48453001835,30.3868001522, -97.661485146
2017,TX,Texas,Austin,Census Tract,Health Outcomes,4805000-48453001751,High blood pressure among adults aged >=18 Years,31.5,"(30.3628740707, -97.7577287173)",BPHIGH,48453001751,30.3628740707, -97.7577287173
2017,TX,Texas,Austin,Census Tract,Health Outcomes,4805000-48453001504,High blood pressure among adults aged >=18 Years,23.5,"(30.3465471667, -97.7250886708)",BPHIGH,48453001504,30.3465471667, -97.7250886708
2017,TX,Texas,Austin,Census Tract,Health Outcomes,4805000-48453002107,High blood pressure among adults aged >=18 Years,33.9,"(30.2956745244, -97.6828566374)",BPHIGH,48453002107,30.2956745244, -97.6828566374
2017,TX,Texas,Austin,Census Tract,Health Outcomes,4805000-48453000307,High blood pressure among adults aged >=18 Years,20.9,"(30.2970325018, -97.7125662163)",BPHIGH,48453000307,30.2970325018, -97.7125662163
2017,TX,Texas,Austin,Census Tract,Health Outcomes,4805000-48453000603,High blood pressure among adults aged >=18 Years,11.2,"(30.2919924148, -97.7462695279)",BPHIGH,48453000603,30.2919924148, -97.7462695279
2017,TX,Texas,Austin,Census Tract,Health Outcomes,4805000-48453001403,High blood pressure among adults aged >=18 Years,25.3,"(30.2399175637, -97.7350701079)",BPHIGH,48453001403,30.2399175637, -97.7350701079
2017,TX,Texas,Austin,Census Tract,Health Outcomes,4805000-48453002112,High blood pressure among adults aged >=18 Years,28.9,"(30.3139333247, -97.682596712)",BPHIGH,48453002112,30.3139333247, -97.682596712
2017,TX,Texas,Austin,Census Tract,Health Outcomes,4805000-48453002319,High blood pressure among adults aged >=18 Years,39.6,"(30.2025405525, -97.6405995997)",BPHIGH,48453002319,30.2025405525, -97.6405995997
2017,TX,Texas,Austin,Census Tract,Health Outcomes,4805000-48453001772,High blood pressure among adults aged >=18 Years,19.2,"(30.1510668591, -97.8353659518)",BPHIGH,48453001772,30.1510668591, -97.8353659518
2017,TX,Texas,Austin,Census Tract,Health Outcomes,4805000-48453001829,High blood pressure among adults aged >=18 Years,18.2,"(30.4163985388, -97.7128338245)",BPHIGH,48453001829,30.4163985388, -97.7128338245
2017,TX,Texas,Austin,Census Tract,Health Outcomes,4805000-48453001712,High blood pressure among adults aged >=18 Years,30.2,"(30.2238522538, -97.7971960496)",BPHIGH,48453001712,30.2238522538, -97.7971960496
2017,TX,Texas,Austin,Census Tract,Health Outcomes,4805000-48453001783,High blood pressure among adults aged >=18 Years,28.8,"(30.344379193, -97.869486999)",BPHIGH,48453001783,30.344379193, -97.869486999
2017,TX,Texas,Austin,Census Tract,Health Outcomes,4805000-48453000206,High blood pressure among adults aged >=18 Years,23.9,"(30.326153574, -97.7435152927)",BPHIGH,48453000206,30.326153574, -97.7435152927
2017,TX,Texas,Austin,Census Tract,Health Outcomes,4805000-48453001848,High blood pressure among adults aged >=18 Years,22.1,"(30.4180610095, -97.6857056708)",BPHIGH,48453001848,30.4180610095, -97.6857056708
2017,TX,Texas,Austin,Census Tract,Health Outcomes,4805000-48453002207,High blood pressure among adults aged >=18 Years,,"(30.2474717883, -97.6375197951)",BPHIGH,48453002207,30.2474717883, -97.6375197951
2017,TX,Texas,Austin,Census Tract,Health Outcomes,4805000-48453000901,High blood pressure among adults aged >=18 Years,20.1,"(30.2655679932, -97.7237401242)",BPHIGH,48453000901,30.2655679932, -97.7237401242
2017,TX,Texas,Austin,Census Tract,Health Outcomes,4805000-48453002005,High blood pressure among adults aged >=18 Years,20.6,"(30.2348343932, -97.7801522706)",BPHIGH,48453002005,30.2348343932, -97.7801522706
2017,TX,Texas,Austin,Census Tract,Health Outcomes,4805000-48453001754,High blood pressure among adults aged >=18 Years,24.0,"(30.4065557514, -97.7373059981)",BPHIGH,48453001754,30.4065557514, -97.7373059981
2017,TX,Texas,Austin,Census Tract,Health Outcomes,4805000-48453002409,High blood pressure among adults aged >=18 Years,25.4,"(30.207536194, -97.7935684377)",BPHIGH,48453002409,30.207536194, -97.7935684377
2017,TX,Texas,Austin,Census Tract,Health Outcomes,4805000-48453001728,High blood pressure among adults aged >=18 Years,23.7,"(30.1957498764, -97.816558213)",BPHIGH,48453001728,30.1957498764, -97.816558213
2017,TX,Texas,Austin,Census Tract,Health Outcomes,4805000-48453001847,High blood pressure among adults aged >=18 Years,21.8,"(30.4283193463, -97.6904273075)",BPHIGH,48453001847,30.4283193463, -97.6904273075
2017,TX,Texas,Austin,Census Tract,Health Outcomes,4805000-48453001805,High blood pressure among adults aged >=18 Years,26.4,"(30.3572024292, -97.7103158419)",BPHIGH,48453001805,30.3572024292, -97.7103158419
2017,TX,Texas,Austin,Census Tract,Health Outcomes,4805000-48453001917,High blood pressure among adults aged >=18 Years,22.9,"(30.2652325209, -97.8192599071)",BPHIGH,48453001917,30.2652325209, -97.8192599071
2017,TX,Texas,Austin,Census Tract,Health Outcomes,4805000-48453001761,High blood pressure among adults aged >=18 Years,21.9,"(30.363129093, -97.832162857)",BPHIGH,48453001761,30.363129093, -97.832162857
2017,TX,Texas,Austin,Census Tract,Health Outcomes,4805000-48453001822,High blood pressure among adults aged >=18 Years,24.6,"(30.3741925894, -97.6963165649)",BPHIGH,48453001822,30.3741925894, -97.6963165649
2017,TX,Texas,Austin,Census Tract,Health Outcomes,4805000-48453000102,High blood pressure among adults aged >=18 Years,28.7,"(30.3259687199, -97.7672291772)",BPHIGH,48453000102,30.3259687199, -97.7672291772
2017,TX,Texas,Austin,Census Tract,Health Outcomes,4805000-48453001856,High blood pressure among adults aged >=18 Years,26.1,"(30.353335584, -97.6079431835)",BPHIGH,48453001856,30.353335584, -97.6079431835
2017,TX,Texas,Austin,Census Tract,Health Outcomes,4805000-48453000801,High blood pressure among adults aged >=18 Years,33.8,"(30.2669542063, -97.7014857394)",BPHIGH,48453000801,30.2669542063, -97.7014857394
2017,TX,Texas,Austin,Census Tract,Health Outcomes,4805000-48453002304,High blood pressure among adults aged >=18 Years,18.1,"(30.2435864378, -97.7233108422)",BPHIGH,48453002304,30.2435864378, -97.7233108422
2017,TX,Texas,Austin,Census Tract,Health Outcomes,4805000-48453001742,High blood pressure among adults aged >=18 Years,30.0,"(30.3610509528, -97.9204696959)",BPHIGH,48453001742,30.3610509528, -97.9204696959
2017,TX,Texas,Austin,Census Tract,Health Outcomes,4805000-48453000902,High blood pressure among adults aged >=18 Years,26.6,"(30.2591919575, -97.7159700432)",BPHIGH,48453000902,30.2591919575, -97.7159700432
2017,TX,Texas,Austin,Census Tract,Health Outcomes,4805000-48453001605,High blood pressure among adults aged >=18 Years,19.8,"(30.2867724621, -97.7605749891)",BPHIGH,48453001605,30.2867724621, -97.7605749891
2017,TX,Texas,Austin,Census Tract,Health Outcomes,4805000-48453001839,High blood pressure among adults aged >=18 Years,20.4,"(30.4047333982, -97.6589226842)",BPHIGH,48453001839,30.4047333982, -97.6589226842
2017,TX,Texas,Austin,Census Tract,Health Outcomes,4805000-48453001819,High blood pressure among adults aged >=18 Years,26.4,"(30.3634311331, -97.7026508753)",BPHIGH,48453001819,30.3634311331, -97.7026508753
2017,TX,Texas,Austin,Census Tract,Health Outcomes,4805000-48453001770,High blood pressure among adults aged >=18 Years,21.4,"(30.1897730385, -97.8909285606)",BPHIGH,48453001770,30.1897730385, -97.8909285606
2017,TX,Texas,Austin,Census Tract,Health Outcomes,4805000-48453001784,High blood pressure among adults aged >=18 Years,17.0,"(30.3275165765, -97.9043520204)",BPHIGH,48453001784,30.3275165765, -97.9043520204
2017,TX,Texas,Austin,Census Tract,Health Outcomes,4805000-48453000601,High blood pressure among adults aged >=18 Years,9.9,"(30.2874118835, -97.7380441813)",BPHIGH,48453000601,30.2874118835, -97.7380441813
2017,TX,Texas,Austin,Census Tract,Health Outcomes,4805000-48453001913,High blood pressure among adults aged >=18 Years,24.2,"(30.3164410718, -97.8027771068)",BPHIGH,48453001913,30.3164410718, -97.8027771068
2017,TX,Texas,Austin,Census Tract,Health Outcomes,4805000-48453002318,High blood pressure among adults aged >=18 Years,20.3,"(30.2322023859, -97.7089289227)",BPHIGH,48453002318,30.2322023859, -97.7089289227
2017,TX,Texas,Austin,Census Tract,Health Outcomes,4805000-48453001402,High blood pressure among adults aged >=18 Years,20.3,"(30.2436544693, -97.740570904)",BPHIGH,48453001402,30.2436544693, -97.740570904
2017,TX,Texas,Austin,Census Tract,Health Outcomes,4805000-48453001303,High blood pressure among adults aged >=18 Years,21.4,"(30.2593071583, -97.7636583064)",BPHIGH,48453001303,30.2593071583, -97.7636583064
2017,TX,Texas,Austin,Census Tract,Health Outcomes,4805000-48453002108,High blood pressure among adults aged >=18 Years,33.4,"(30.2973106702, -97.6691253437)",BPHIGH,48453002108,30.2973106702, -97.6691253437
2017,TX,Texas,Austin,Census Tract,Health Outcomes,4805000-48453001729,High blood pressure among adults aged >=18 Years,21.3,"(30.2027503265, -97.829376795)",BPHIGH,48453001729,30.2027503265, -97.829376795
2017,TX,Texas,Austin,Census Tract,Health Outcomes,4805000-48453001707,High blood pressure among adults aged >=18 Years,26.7,"(30.3727904254, -97.746340078)",BPHIGH,48453001707,30.3727904254, -97.746340078
2017,TX,Texas,Austin,Census Tract,Health Outcomes,4805000-48453002315,High blood pressure among adults aged >=18 Years,19.6,"(30.2339238095, -97.7321356848)",BPHIGH,48453002315,30.2339238095, -97.7321356848
2017,TX,Texas,Austin,Census Tract,Health Outcomes,4805000-48453002402,High blood pressure among adults aged >=18 Years,20.3,"(30.2016967544, -97.7751694038)",BPHIGH,48453002402,30.2016967544, -97.7751694038
2017,TX,Texas,Austin,Census Tract,Health Outcomes,4805000-48453001503,High blood pressure among adults aged >=18 Years,20.5,"(30.3272588203, -97.7157698879)",BPHIGH,48453001503,30.3272588203, -97.7157698879
2017,TX,Texas,Austin,Census Tract,Health Outcomes,4805000-48453001776,High blood pressure among adults aged >=18 Years,23.1,"(30.211852731, -97.8404475868)",BPHIGH,48453001776,30.211852731, -97.8404475868
2017,TX,Texas,Austin,Census Tract,Health Outcomes,4805000-48453001750,High blood pressure among adults aged >=18 Years,18.7,"(30.2198633299, -97.8221972985)",BPHIGH,48453001750,30.2198633299, -97.8221972985
2017,TX,Texas,Austin,Census Tract,Health Outcomes,4805000-48453001722,High blood pressure among adults aged >=18 Years,18.0,"(30.3989182191, -97.7531633887)",BPHIGH,48453001722,30.3989182191, -97.7531633887
2017,TX,Texas,Austin,Census Tract,Health Outcomes,4805000-48453001824,High blood pressure among adults aged >=18 Years,27.2,"(30.3851030924, -97.6791938103)",BPHIGH,48453001824,30.3851030924, -97.6791938103
2017,TX,Texas,Austin,Census Tract,Health Outcomes,4805000-48453001753,High blood pressure among adults aged >=18 Years,12.6,"(30.3908023394, -97.7388705343)",BPHIGH,48453001753,30.3908023394, -97.7388705343
2017,TX,Texas,Austin,Census Tract,Health Outcomes,4805000-48453001716,High blood pressure among adults aged >=18 Years,22.6,"(30.3892678952, -97.8029503466)",BPHIGH,48453001716,30.3892678952, -97.8029503466
2017,TX,Texas,Austin,Census Tract,Health Outcomes,4805000-48453001806,High blood pressure among adults aged >=18 Years,25.0,"(30.3535089077, -97.6977872408)",BPHIGH,48453001806,30.3535089077, -97.6977872408
2017,TX,Texas,Austin,Census Tract,Health Outcomes,4805000-48453000205,High blood pressure among adults aged >=18 Years,17.2,"(30.3261617411, -97.7343170626)",BPHIGH,48453000205,30.3261617411, -97.7343170626
2017,TX,Texas,Austin,Census Tract,Health Outcomes,4805000-48453002202,High blood pressure among adults aged >=18 Years,30.9,"(30.3081938914, -97.6364300736)",BPHIGH,48453002202,30.3081938914, -97.6364300736
2017,TX,Texas,Austin,Census Tract,Health Outcomes,4805000-48453000804,High blood pressure among adults aged >=18 Years,29.4,"(30.2700913502, -97.7219450124)",BPHIGH,48453000804,30.2700913502, -97.7219450124
2017,TX,Texas,Austin,Census Tract,Health Outcomes,4805000-48453001782,High blood pressure among adults aged >=18 Years,25.8,"(30.429373646, -97.7930268848)",BPHIGH,48453001782,30.429373646, -97.7930268848
2017,TX,Texas,Austin,Census Tract,Health Outcomes,4805000-48453001849,High blood pressure among adults aged >=18 Years,13.8,"(30.394644055, -97.7201266116)",BPHIGH,48453001849,30.394644055, -97.7201266116
2017,TX,Texas,Austin,Census Tract,Health Outcomes,4805000-48453002208,High blood pressure among adults aged >=18 Years,29.4,"(30.2806565747, -97.6516820949)",BPHIGH,48453002208,30.2806565747, -97.6516820949
2017,TX,Texas,Austin,Census Tract,Health Outcomes,4805000-48453002002,High blood pressure among adults aged >=18 Years,24.0,"(30.2229526115, -97.7848718292)",BPHIGH,48453002002,30.2229526115, -97.7848718292
2017,TX,Texas,Austin,Census Tract,Health Outcomes,4805000-48453001832,High blood pressure among adults aged >=18 Years,29.1,"(30.3801454054, -97.6688141961)",BPHIGH,48453001832,30.3801454054, -97.6688141961
2017,TX,Texas,Austin,Census Tract,Health Outcomes,4805000-48453001846,High blood pressure among adults aged >=18 Years,25.5,"(30.4360239746, -97.7137664933)",BPHIGH,48453001846,30.4360239746, -97.7137664933
2017,TX,Texas,Austin,Census Tract,Health Outcomes,4805000-48453001785,High blood pressure among adults aged >=18 Years,15.4,"(30.4441914203, -97.7349579673)",BPHIGH,48453001785,30.4441914203, -97.7349579673
2017,TX,Texas,Austin,Census Tract,Health Outcomes,4805000-48453001765,High blood pressure among adults aged >=18 Years,21.1,"(30.4225784692, -97.8676799862)",BPHIGH,48453001765,30.4225784692, -97.8676799862
2017,TX,Texas,Austin,Census Tract,Health Outcomes,4805000-48453002201,High blood pressure among adults aged >=18 Years,36.8,"(30.3159610657, -97.6544814328)",BPHIGH,48453002201,30.3159610657, -97.6544814328
2017,TX,Texas,Austin,Census Tract,Health Outcomes,4805000-48453001000,High blood pressure among adults aged >=18 Years,27.9,"(30.2530553216, -97.7257084725)",BPHIGH,48453001000,30.2530553216, -97.7257084725
2017,TX,Texas,Austin,Census Tract,Health Outcomes,4805000-48453001606,High blood pressure among adults aged >=18 Years,44.5,"(30.3056734899, -97.7608257681)",BPHIGH,48453001606,30.3056734899, -97.7608257681
2017,TX,Texas,Austin,Census Tract,Health Outcomes,4805000-48453000700,High blood pressure among adults aged >=18 Years,21.1,"(30.2776999882, -97.7411176287)",BPHIGH,48453000700,30.2776999882, -97.7411176287
2017,TX,Texas,Austin,Census Tract,Health Outcomes,4805000-48453002111,High blood pressure among adults aged >=18 Years,28.7,"(30.2572676419, -97.6858164503)",BPHIGH,48453002111,30.2572676419, -97.6858164503
2017,TX,Texas,Austin,Census Tract,Health Outcomes,4805000-48453001745,High blood pressure among adults aged >=18 Years,28.2,"(30.4243915281, -97.7380184815)",BPHIGH,48453001745,30.4243915281, -97.7380184815
2017,TX,Texas,Austin,Census Tract,Health Outcomes,4805000-48453001857,High blood pressure among adults aged >=18 Years,,"(30.4542409169, -97.6658834326)",BPHIGH,48453001857,30.4542409169, -97.6658834326
2017,TX,Texas,Austin,Census Tract,Health Outcomes,4805000-48453002314,High blood pressure among adults aged >=18 Years,18.7,"(30.2246964407, -97.7155120457)",BPHIGH,48453002314,30.2246964407, -97.7155120457
2017,TX,Texas,Austin,Census Tract,Health Outcomes,4805000-48453002104,High blood pressure among adults aged >=18 Years,27.6,"(30.314728019, -97.6965718144)",BPHIGH,48453002104,30.314728019, -97.6965718144
2017,TX,Texas,Austin,Census Tract,Health Outcomes,4805000-48453002307,High blood pressure among adults aged >=18 Years,21.4,"(30.2230763009, -97.7411141975)",BPHIGH,48453002307,30.2230763009, -97.7411141975
2017,TX,Texas,Austin,Census Tract,Health Outcomes,4805000-48453000304,High blood pressure among adults aged >=18 Years,14.8,"(30.3093759729, -97.7169057003)",BPHIGH,48453000304,30.3093759729, -97.7169057003
2017,TX,Texas,Austin,Census Tract,Health Outcomes,4805000-48453001737,High blood pressure among adults aged >=18 Years,20.2,"(30.2146083411, -97.8797963828)",BPHIGH,48453001737,30.2146083411, -97.8797963828
2017,TX,Texas,Austin,Census Tract,Health Outcomes,4805000-48453001756,High blood pressure among adults aged >=18 Years,24.6,"(30.4261408587, -97.7697726347)",BPHIGH,48453001756,30.4261408587, -97.7697726347
2017,TX,Texas,Austin,Census Tract,Health Outcomes,4805000-48453001602,High blood pressure among adults aged >=18 Years,16.1,"(30.2855533127, -97.7759300983)",BPHIGH,48453001602,30.2855533127, -97.7759300983
2017,TX,Texas,Austin,Census Tract,Health Outcomes,4805000-48453002410,High blood pressure among adults aged >=18 Years,24.7,"(30.2057644766, -97.786665428)",BPHIGH,48453002410,30.2057644766, -97.786665428
2017,TX,Texas,Austin,Census Tract,Health Outcomes,4805000-48453001843,High blood pressure among adults aged >=18 Years,26.5,"(30.3885473458, -97.6999972777)",BPHIGH,48453001843,30.3885473458, -97.6999972777
2017,TX,Texas,Austin,Census Tract,Health Outcomes,4805000-48453001912,High blood pressure among adults aged >=18 Years,25.4,"(30.3333544667, -97.8115308042)",BPHIGH,48453001912,30.3333544667, -97.8115308042
2017,TX,Texas,Austin,Census Tract,Health Outcomes,4805000-48453001818,High blood pressure among adults aged >=18 Years,28.4,"(30.3602092627, -97.7222085004)",BPHIGH,48453001818,30.3602092627, -97.7222085004
2017,TX,Texas,Austin,Census Tract,Health Outcomes,4805000-48453001714,High blood pressure among adults aged >=18 Years,21.0,"(30.4232100942, -97.8280150091)",BPHIGH,48453001714,30.4232100942, -97.8280150091
2017,TX,Texas,Austin,Census Tract,Health Outcomes,4805000-48453000401,High blood pressure among adults aged >=18 Years,14.1,"(30.288248219, -97.7250556275)",BPHIGH,48453000401,30.288248219, -97.7250556275
2017,TX,Texas,Austin,Census Tract,Health Outcomes,4805000-48453001304,High blood pressure among adults aged >=18 Years,19.0,"(30.2484064505, -97.7734337153)",BPHIGH,48453001304,30.2484064505, -97.7734337153
2017,TX,Texas,Austin,Census Tract,Health Outcomes,4805000-48453002308,High blood pressure among adults aged >=18 Years,17.4,"(30.229013308, -97.7521619377)",BPHIGH,48453002308,30.229013308, -97.7521619377
2017,TX,Texas,Austin,Census Tract,Health Outcomes,4805000-48453001501,High blood pressure among adults aged >=18 Years,25.8,"(30.3465767365, -97.7433025334)",BPHIGH,48453001501,30.3465767365, -97.7433025334
2017,TX,Texas,Austin,Census Tract,Health Outcomes,4805000-48453001752,High blood pressure among adults aged >=18 Years,13.9,"(30.3576197191, -97.7498287811)",BPHIGH,48453001752,30.3576197191, -97.7498287811
2017,TX,Texas,Austin,Census Tract,Health Outcomes,4805000-48453001100,High blood pressure among adults aged >=18 Years,20.2,"(30.2662950547, -97.7424360537)",BPHIGH,48453001100,30.2662950547, -97.7424360537
2017,TX,Texas,Austin,Census Tract,Health Outcomes,4805000-48453001915,High blood pressure among adults aged >=18 Years,28.5,"(30.2407457634, -97.83861472)",BPHIGH,48453001915,30.2407457634, -97.83861472
2017,TX,Texas,Austin,Census Tract,Health Outcomes,4805000-48453000101,High blood pressure among adults aged >=18 Years,23.8,"(30.3231638088, -97.7532685324)",BPHIGH,48453000101,30.3231638088, -97.7532685324
2017,TX,Texas,Austin,Census Tract,Health Outcomes,4805000-48453002403,High blood pressure among adults aged >=18 Years,25.8,"(30.2122146849, -97.7622830864)",BPHIGH,48453002403,30.2122146849, -97.7622830864
2017,TX,Texas,Austin,Census Tract,Health Outcomes,4805000-48453001719,High blood pressure among adults aged >=18 Years,28.0,"(30.3496481393, -97.7809337795)",BPHIGH,48453001719,30.3496481393, -97.7809337795
2017,TX,Texas,Austin,Census Tract,Health Outcomes,4805000-48453001821,High blood pressure among adults aged >=18 Years,25.8,"(30.3809891862, -97.7086033499)",BPHIGH,48453001821,30.3809891862, -97.7086033499
2017,TX,Texas,Austin,Census Tract,Health Outcomes,4805000-48453001775,High blood pressure among adults aged >=18 Years,17.2,"(30.1713278537, -97.8989705285)",BPHIGH,48453001775,30.1713278537, -97.8989705285
2017,TX,Texas,Austin,Census Tract,Health Outcomes,4805000-48453001901,High blood pressure among adults aged >=18 Years,20.7,"(30.2502692071, -97.786239289)",BPHIGH,48453001901,30.2502692071, -97.786239289
2017,TX,Texas,Austin,Census Tract,Health Outcomes,4805000-48453002211,High blood pressure among adults aged >=18 Years,23.3,"(30.2775754938, -97.6282935126)",BPHIGH,48453002211,30.2775754938, -97.6282935126
2017,TX,Texas,Austin,Census Tract,Health Outcomes,4805000-48453000803,High blood pressure among adults aged >=18 Years,22.3,"(30.2768113039, -97.7204656888)",BPHIGH,48453000803,30.2768113039, -97.7204656888
2017,TX,Texas,Austin,Census Tract,Health Outcomes,4805000-48453002003,High blood pressure among adults aged >=18 Years,24.7,"(30.2190129023, -97.7747282501)",BPHIGH,48453002003,30.2190129023, -97.7747282501
2017,TX,Texas,Austin,Census Tract,Health Outcomes,4805000-48453001401,High blood pressure among adults aged >=18 Years,17.2,"(30.2500756585, -97.7460413706)",BPHIGH,48453001401,30.2500756585, -97.7460413706
2017,TX,Texas,Austin,Census Tract,Health Outcomes,4805000-48453002317,High blood pressure among adults aged >=18 Years,13.6,"(30.2420862653, -97.7059303935)",BPHIGH,48453002317,30.2420862653, -97.7059303935
2017,TX,Texas,Austin,Census Tract,Health Outcomes,4805000-48453001826,High blood pressure among adults aged >=18 Years,23.5,"(30.4022432917, -97.6830258333)",BPHIGH,48453001826,30.4022432917, -97.6830258333
2017,TX,Texas,Austin,Census Tract,Health Outcomes,4805000-48453000204,High blood pressure among adults aged >=18 Years,18.3,"(30.3071669724, -97.7444637729)",BPHIGH,48453000204,30.3071669724, -97.7444637729
2017,TX,Texas,Austin,Census Tract,Health Outcomes,4805000-48453001749,High blood pressure among adults aged >=18 Years,19.4,"(30.2303531901, -97.8443716395)",BPHIGH,48453001749,30.2303531901, -97.8443716395
2017,TX,Texas,Austin,Census Tract,Health Outcomes,4805000-48453001850,High blood pressure among adults aged >=18 Years,16.5,"(30.4119050232, -97.7017857374)",BPHIGH,48453001850,30.4119050232, -97.7017857374
2017,TX,Texas,Austin,Census Tract,Health Outcomes,4805000-48453002105,High blood pressure among adults aged >=18 Years,24.0,"(30.314917851, -97.705591437)",BPHIGH,48453002105,30.314917851, -97.705591437
2017,TX,Texas,Austin,Census Tract,Health Outcomes,4805000-48453000305,High blood pressure among adults aged >=18 Years,15.7,"(30.3148722619, -97.7263019673)",BPHIGH,48453000305,30.3148722619, -97.7263019673
2017,TX,Texas,Austin,Census Tract,Health Outcomes,4805000-48453001738,High blood pressure among adults aged >=18 Years,25.0,"(30.2186732803, -97.859799421)",BPHIGH,48453001738,30.2186732803, -97.859799421
2017,TX,Texas,Austin,Census Tract,Health Outcomes,4805000-48453001705,High blood pressure among adults aged >=18 Years,27.5,"(30.369711599, -97.7740377256)",BPHIGH,48453001705,30.369711599, -97.7740377256
2017,TX,Texas,Austin,Census Tract,Health Outcomes,4805000-48453002313,High blood pressure among adults aged >=18 Years,20.8,"(30.2201787759, -97.7259170867)",BPHIGH,48453002313,30.2201787759, -97.7259170867
2017,TX,Texas,Austin,Census Tract,Health Outcomes,4805000-48453001833,High blood pressure among adults aged >=18 Years,29.9,"(30.3640068193, -97.6764901387)",BPHIGH,48453001833,30.3640068193, -97.6764901387
2017,TX,Texas,Austin,Census Tract,Health Outcomes,4805000-48453001768,High blood pressure among adults aged >=18 Years,,"(30.2647464659, -97.9111742179)",BPHIGH,48453001768,30.2647464659, -97.9111742179
2017,TX,Texas,Austin,Census Tract,Health Outcomes,4805000-48453001786,High blood pressure among adults aged >=18 Years,16.3,"(30.4336936631, -97.7486832428)",BPHIGH,48453001786,30.4336936631, -97.7486832428
2017,TX,Texas,Austin,Census Tract,Health Outcomes,4805000-48453000402,High blood pressure among adults aged >=18 Years,25.3,"(30.2841414645, -97.7155188107)",BPHIGH,48453000402,30.2841414645, -97.7155188107
2017,TX,Texas,Austin,Census Tract,Health Outcomes,4805000-48453001911,High blood pressure among adults aged >=18 Years,13.7,"(30.2584881046, -97.7858836263)",BPHIGH,48453001911,30.2584881046, -97.7858836263
2017,TX,Texas,Austin,Census Tract,Health Outcomes,4805000-48453001305,High blood pressure among adults aged >=18 Years,19.4,"(30.2518891368, -97.755535235)",BPHIGH,48453001305,30.2518891368, -97.755535235
2017,TX,Texas,Austin,Census Tract,Health Outcomes,4805000-48453002110,High blood pressure among adults aged >=18 Years,31.0,"(30.2741418689, -97.677459415)",BPHIGH,48453002110,30.2741418689, -97.677459415
2017,TX,Texas,Austin,Census Tract,Health Outcomes,4805000-48453001746,High blood pressure among adults aged >=18 Years,22.2,"(30.1860608718, -97.838251775)",BPHIGH,48453001746,30.1860608718, -97.838251775
2017,TX,Texas,Austin,Census Tract,Health Outcomes,4805000-48453002411,High blood pressure among adults aged >=18 Years,26.6,"(30.2052878132, -97.7488780935)",BPHIGH,48453002411,30.2052878132, -97.7488780935
2017,TX,Texas,Austin,Census Tract,Health Outcomes,4805000-48453001603,High blood pressure among adults aged >=18 Years,21.9,"(30.2984241639, -97.7564451619)",BPHIGH,48453001603,30.2984241639, -97.7564451619
2017,TX,Texas,Austin,Census Tract,Health Outcomes,4805000-48453001842,High blood pressure among adults aged >=18 Years,21.4,"(30.3755684675, -97.6313378757)",BPHIGH,48453001842,30.3755684675, -97.6313378757
2017,TX,Texas,Austin,Census Tract,Health Outcomes,4805000-48453001817,High blood pressure among adults aged >=18 Years,25.4,"(30.3666407346, -97.7346650749)",BPHIGH,48453001817,30.3666407346, -97.7346650749
2017,TX,Texas,Austin,Census Tract,Health Outcomes,4805000-48453001820,High blood pressure among adults aged >=18 Years,24.2,"(30.3718015582, -97.7148159897)",BPHIGH,48453001820,30.3718015582, -97.7148159897
2017,TX,Texas,Austin,Census Tract,Health Outcomes,4805000-48453001811,High blood pressure among adults aged >=18 Years,27.8,"(30.3261510878, -97.6850226617)",BPHIGH,48453001811,30.3261510878, -97.6850226617
2017,TX,Texas,Austin,Census Tract,Health Outcomes,4805000-48453001757,High blood pressure among adults aged >=18 Years,26.7,"(30.3978196994, -97.7639427818)",BPHIGH,48453001757,30.3978196994, -97.7639427818
2017,TX,Texas,Austin,Census Tract,Health Outcomes,4805000-48453002412,High blood pressure among adults aged >=18 Years,25.3,"(30.189405978, -97.751489933)",BPHIGH,48453002412,30.189405978, -97.751489933
2017,TX,Texas,Austin,Census Tract,Health Outcomes,4805000-48453002423,High blood pressure among adults aged >=18 Years,22.2,"(30.1797493671, -97.8062264792)",BPHIGH,48453002423,30.1797493671, -97.8062264792
2017,TX,Texas,Austin,Census Tract,Health Outcomes,4805000-48453002428,High blood pressure among adults aged >=18 Years,29.1,"(30.1388923291, -97.7817189485)",BPHIGH,48453002428,30.1388923291, -97.7817189485
2017,TX,Texas,Austin,Census Tract,Health Outcomes,4805000-48491020408,High blood pressure among adults aged >=18 Years,23.1,"(30.4608132047, -97.7871146865)",BPHIGH,48491020408,30.4608132047, -97.7871146865
2017,TX,Texas,Austin,Census Tract,Health Outcomes,4805000-48491020409,High blood pressure among adults aged >=18 Years,,"(30.4728391003, -97.7570604006)",BPHIGH,48491020409,30.4728391003, -97.7570604006
2017,TX,Texas,Austin,Census Tract,Health Outcomes,4805000-48453002432,High blood pressure among adults aged >=18 Years,30.9,"(30.1808372579, -97.7014760529)",BPHIGH,48453002432,30.1808372579, -97.7014760529
2017,TX,Texas,Austin,Census Tract,Health Outcomes,4805000-48491020403,High blood pressure among adults aged >=18 Years,33.5,"(30.4617670752, -97.8044725242)",BPHIGH,48491020403,30.4617670752, -97.8044725242
2017,TX,Texas,Austin,Census Tract,Health Outcomes,4805000-48491020509,High blood pressure among adults aged >=18 Years,23.2,"(30.5053345212, -97.7602090622)",BPHIGH,48491020509,30.5053345212, -97.7602090622
2017,TX,Texas,Austin,Census Tract,Health Outcomes,4805000-48453002413,High blood pressure among adults aged >=18 Years,25.1,"(30.1971092749, -97.7402764718)",BPHIGH,48453002413,30.1971092749, -97.7402764718
2017,TX,Texas,Austin,Census Tract,Health Outcomes,4805000-48453002424,High blood pressure among adults aged >=18 Years,27.0,"(30.192182567, -97.7992412635)",BPHIGH,48453002424,30.192182567, -97.7992412635
2017,TX,Texas,Austin,Census Tract,Health Outcomes,4805000-48491020508,High blood pressure among adults aged >=18 Years,20.2,"(30.4884625037, -97.7760368725)",BPHIGH,48491020508,30.4884625037, -97.7760368725
2017,TX,Texas,Austin,Census Tract,Health Outcomes,4805000-48491020404,High blood pressure among adults aged >=18 Years,30.3,"(30.4551325999, -97.8161834077)",BPHIGH,48491020404,30.4551325999, -97.8161834077
2017,TX,Texas,Austin,Census Tract,Health Outcomes,4805000-48453002427,High blood pressure among adults aged >=18 Years,25.6,"(30.1812180458, -97.7613921528)",BPHIGH,48453002427,30.1812180458, -97.7613921528
2017,TX,Texas,Austin,Census Tract,Health Outcomes,4805000-48453002431,High blood pressure among adults aged >=18 Years,24.8,"(30.1945771194, -97.7185046504)",BPHIGH,48453002431,30.1945771194, -97.7185046504
2017,TX,Texas,Austin,Census Tract,Health Outcomes,4805000-48453002419,High blood pressure among adults aged >=18 Years,19.3,"(30.1912903693, -97.7609152432)",BPHIGH,48453002419,30.1912903693, -97.7609152432
2017,TX,Texas,Austin,Census Tract,Health Outcomes,4805000-48453002500,High blood pressure among adults aged >=18 Years,22.0,"(30.4166341544, -97.7553141449)",BPHIGH,48453002500,30.4166341544, -97.7553141449
2017,TX,Texas,Austin,Census Tract,Health Outcomes,4805000-48491020405,High blood pressure among adults aged >=18 Years,27.6,"(30.4482556318, -97.7942896451)",BPHIGH,48491020405,30.4482556318, -97.7942896451
2017,TX,Texas,Austin,Census Tract,Health Outcomes,4805000-48491020411,High blood pressure among adults aged >=18 Years,27.9,"(30.4621936429, -97.7379195721)",BPHIGH,48491020411,30.4621936429, -97.7379195721
2017,TX,Texas,Austin,Census Tract,Health Outcomes,4805000-48453002430,High blood pressure among adults aged >=18 Years,27.4,"(30.1717082079, -97.7550439193)",BPHIGH,48453002430,30.1717082079, -97.7550439193
2017,TX,Texas,Austin,Census Tract,Health Outcomes,4805000-48453002425,High blood pressure among adults aged >=18 Years,19.1,"(30.157617531, -97.7842795909)",BPHIGH,48453002425,30.157617531, -97.7842795909
2017,TX,Texas,Austin,Census Tract,Health Outcomes,4805000-48453002421,High blood pressure among adults aged >=18 Years,18.7,"(30.1638874875, -97.8037440537)",BPHIGH,48453002421,30.1638874875, -97.8037440537
2017,TX,Texas,Austin,Census Tract,Health Outcomes,4805000-48491020311,High blood pressure among adults aged >=18 Years,18.3,"(30.4852741813, -97.7919722841)",BPHIGH,48491020311,30.4852741813, -97.7919722841
2017,TX,Texas,Austin,Census Tract,Health Outcomes,4805000-48453002435,High blood pressure among adults aged >=18 Years,22.3,"(30.160226698, -97.6406042548)",BPHIGH,48453002435,30.160226698, -97.6406042548
2017,TX,Texas,Austin,Census Tract,Health Outcomes,4805000-48453002429,High blood pressure among adults aged >=18 Years,15.7,"(30.1675109092, -97.7735753064)",BPHIGH,48453002429,30.1675109092, -97.7735753064
2017,TX,Texas,Austin,Census Tract,Health Outcomes,4805000-48491020410,High blood pressure among adults aged >=18 Years,25.0,"(30.4369838283, -97.7616139549)",BPHIGH,48491020410,30.4369838283, -97.7616139549
2017,TX,Texas,Austin,Census Tract,Health Outcomes,4805000-48491020406,High blood pressure among adults aged >=18 Years,23.5,"(30.4425183084, -97.7770834724)",BPHIGH,48491020406,30.4425183084, -97.7770834724
2017,TX,Texas,Austin,Census Tract,Health Outcomes,4805000-48453002426,High blood pressure among adults aged >=18 Years,20.3,"(30.1548242628, -97.7520686441)",BPHIGH,48453002426,30.1548242628, -97.7520686441
2017,TX,Texas,Austin,Census Tract,Health Outcomes,4805000-48491020510,High blood pressure among adults aged >=18 Years,24.5,"(30.4935333283, -97.7625330584)",BPHIGH,48491020510,30.4935333283, -97.7625330584
2017,TX,Texas,Austin,Census Tract,Health Outcomes,4805000-48491020316,High blood pressure among adults aged >=18 Years,,"(30.4767287286, -97.8094310538)",BPHIGH,48491020316,30.4767287286, -97.8094310538
2017,TX,Texas,Austin,Census Tract,Health Outcomes,4805000-48453002422,High blood pressure among adults aged >=18 Years,22.7,"(30.1834376979, -97.7848162066)",BPHIGH,48453002422,30.1834376979, -97.7848162066
2017,TX,Texas,Austin,Census Tract,Health Outcomes,4805000-48453002433,High blood pressure among adults aged >=18 Years,23.7,"(30.1912019968, -97.6172300469)",BPHIGH,48453002433,30.1912019968, -97.6172300469
